training\labels_train.csv,training
0\n01443537_10086.JPEG,0
0\n01443537_1034.JPEG,0
0\n01443537_10353.JPEG,0
0\n01443537_11078.JPEG,0
0\n01443537_11084.JPEG,0
0\n01443537_11094.JPEG,0
0\n01443537_11165.JPEG,0
0\n01443537_11490.JPEG,0
0\n01443537_11709.JPEG,0
0\n01443537_11773.JPEG,0
0\n01443537_1194.JPEG,0
0\n01443537_12360.JPEG,0
0\n01443537_12384.JPEG,0
0\n01443537_12525.JPEG,0
0\n01443537_12526.JPEG,0
0\n01443537_12857.JPEG,0
0\n01443537_12984.JPEG,0
0\n01443537_130.JPEG,0
0\n01443537_13191.JPEG,0
0\n01443537_13343.JPEG,0
0\n01443537_13467.JPEG,0
0\n01443537_13733.JPEG,0
0\n01443537_14366.JPEG,0
0\n01443537_14803.JPEG,0
0\n01443537_14835.JPEG,0
0\n01443537_14850.JPEG,0
0\n01443537_15253.JPEG,0
0\n01443537_15607.JPEG,0
0\n01443537_15761.JPEG,0
0\n01443537_16043.JPEG,0
0\n01443537_16103.JPEG,0
0\n01443537_163.JPEG,0
0\n01443537_16344.JPEG,0
0\n01443537_16477.JPEG,0
0\n01443537_16518.JPEG,0
0\n01443537_1655.JPEG,0
0\n01443537_17010.JPEG,0
0\n01443537_17026.JPEG,0
0\n01443537_17158.JPEG,0
0\n01443537_17255.JPEG,0
0\n01443537_17268.JPEG,0
0\n01443537_17296.JPEG,0
0\n01443537_17309.JPEG,0
0\n01443537_17614.JPEG,0
0\n01443537_17661.JPEG,0
0\n01443537_17830.JPEG,0
0\n01443537_18137.JPEG,0
0\n01443537_18310.JPEG,0
0\n01443537_18471.JPEG,0
0\n01443537_18508.JPEG,0
0\n01443537_1853.JPEG,0
0\n01443537_18535.JPEG,0
0\n01443537_18771.JPEG,0
0\n01443537_18974.JPEG,0
0\n01443537_1903.JPEG,0
0\n01443537_19440.JPEG,0
0\n01443537_19444.JPEG,0
0\n01443537_19810.JPEG,0
0\n01443537_19956.JPEG,0
0\n01443537_19989.JPEG,0
0\n01443537_20440.JPEG,0
0\n01443537_20506.JPEG,0
0\n01443537_20553.JPEG,0
0\n01443537_20735.JPEG,0
0\n01443537_20856.JPEG,0
0\n01443537_21129.JPEG,0
0\n01443537_21203.JPEG,0
0\n01443537_21226.JPEG,0
0\n01443537_21605.JPEG,0
0\n01443537_21865.JPEG,0
0\n01443537_2199.JPEG,0
0\n01443537_2228.JPEG,0
0\n01443537_22323.JPEG,0
0\n01443537_22593.JPEG,0
0\n01443537_23177.JPEG,0
0\n01443537_23265.JPEG,0
0\n01443537_23502.JPEG,0
0\n01443537_23656.JPEG,0
0\n01443537_23667.JPEG,0
0\n01443537_24168.JPEG,0
0\n01443537_24216.JPEG,0
0\n01443537_24223.JPEG,0
0\n01443537_24393.JPEG,0
0\n01443537_24417.JPEG,0
0\n01443537_24572.JPEG,0
0\n01443537_24803.JPEG,0
0\n01443537_2552.JPEG,0
0\n01443537_2778.JPEG,0
0\n01443537_2782.JPEG,0
0\n01443537_3011.JPEG,0
0\n01443537_3033.JPEG,0
0\n01443537_338.JPEG,0
0\n01443537_3752.JPEG,0
0\n01443537_3837.JPEG,0
0\n01443537_4079.JPEG,0
0\n01443537_4106.JPEG,0
0\n01443537_4127.JPEG,0
0\n01443537_4232.JPEG,0
0\n01443537_4572.JPEG,0
0\n01443537_4678.JPEG,0
0\n01443537_483.JPEG,0
0\n01443537_4834.JPEG,0
0\n01443537_5133.JPEG,0
0\n01443537_5575.JPEG,0
0\n01443537_5697.JPEG,0
0\n01443537_5783.JPEG,0
0\n01443537_596.JPEG,0
0\n01443537_6262.JPEG,0
0\n01443537_640.JPEG,0
0\n01443537_6999.JPEG,0
0\n01443537_7126.JPEG,0
0\n01443537_7428.JPEG,0
0\n01443537_7649.JPEG,0
0\n01443537_7670.JPEG,0
0\n01443537_7746.JPEG,0
0\n01443537_7803.JPEG,0
0\n01443537_7843.JPEG,0
0\n01443537_7852.JPEG,0
0\n01443537_7873.JPEG,0
0\n01443537_801.JPEG,0
0\n01443537_8127.JPEG,0
0\n01443537_8248.JPEG,0
0\n01443537_883.JPEG,0
0\n01443537_8868.JPEG,0
0\n01443537_9534.JPEG,0
0\n01443537_957.JPEG,0
0\n01443537_963.JPEG,0
0\n01443537_9812.JPEG,0
0\n01443537_9877.JPEG,0
0\n01443537_9977.JPEG,0
1\n01518878_10369.JPEG,1
1\n01518878_10460.JPEG,1
1\n01518878_10616.JPEG,1
1\n01518878_10717.JPEG,1
1\n01518878_10953.JPEG,1
1\n01518878_11647.JPEG,1
1\n01518878_11772.JPEG,1
1\n01518878_11783.JPEG,1
1\n01518878_11822.JPEG,1
1\n01518878_12047.JPEG,1
1\n01518878_12602.JPEG,1
1\n01518878_12898.JPEG,1
1\n01518878_13137.JPEG,1
1\n01518878_13233.JPEG,1
1\n01518878_1387.JPEG,1
1\n01518878_14002.JPEG,1
1\n01518878_1430.JPEG,1
1\n01518878_1432.JPEG,1
1\n01518878_1464.JPEG,1
1\n01518878_1482.JPEG,1
1\n01518878_15161.JPEG,1
1\n01518878_16179.JPEG,1
1\n01518878_16544.JPEG,1
1\n01518878_16554.JPEG,1
1\n01518878_1685.JPEG,1
1\n01518878_17517.JPEG,1
1\n01518878_17599.JPEG,1
1\n01518878_1761.JPEG,1
1\n01518878_17626.JPEG,1
1\n01518878_17678.JPEG,1
1\n01518878_1829.JPEG,1
1\n01518878_18433.JPEG,1
1\n01518878_18876.JPEG,1
1\n01518878_19066.JPEG,1
1\n01518878_19949.JPEG,1
1\n01518878_2048.JPEG,1
1\n01518878_2109.JPEG,1
1\n01518878_21232.JPEG,1
1\n01518878_21821.JPEG,1
1\n01518878_2213.JPEG,1
1\n01518878_2221.JPEG,1
1\n01518878_2245.JPEG,1
1\n01518878_2247.JPEG,1
1\n01518878_2308.JPEG,1
1\n01518878_23099.JPEG,1
1\n01518878_23432.JPEG,1
1\n01518878_2358.JPEG,1
1\n01518878_24309.JPEG,1
1\n01518878_24435.JPEG,1
1\n01518878_24514.JPEG,1
1\n01518878_248.JPEG,1
1\n01518878_2494.JPEG,1
1\n01518878_24944.JPEG,1
1\n01518878_2513.JPEG,1
1\n01518878_25669.JPEG,1
1\n01518878_2774.JPEG,1
1\n01518878_27837.JPEG,1
1\n01518878_27908.JPEG,1
1\n01518878_28049.JPEG,1
1\n01518878_28101.JPEG,1
1\n01518878_28556.JPEG,1
1\n01518878_2934.JPEG,1
1\n01518878_30164.JPEG,1
1\n01518878_30725.JPEG,1
1\n01518878_31509.JPEG,1
1\n01518878_31673.JPEG,1
1\n01518878_31994.JPEG,1
1\n01518878_3281.JPEG,1
1\n01518878_32819.JPEG,1
1\n01518878_3309.JPEG,1
1\n01518878_3353.JPEG,1
1\n01518878_34012.JPEG,1
1\n01518878_34138.JPEG,1
1\n01518878_34976.JPEG,1
1\n01518878_3499.JPEG,1
1\n01518878_35248.JPEG,1
1\n01518878_3575.JPEG,1
1\n01518878_3594.JPEG,1
1\n01518878_3626.JPEG,1
1\n01518878_36742.JPEG,1
1\n01518878_37956.JPEG,1
1\n01518878_38221.JPEG,1
1\n01518878_3843.JPEG,1
1\n01518878_38741.JPEG,1
1\n01518878_4007.JPEG,1
1\n01518878_40342.JPEG,1
1\n01518878_4041.JPEG,1
1\n01518878_4050.JPEG,1
1\n01518878_4113.JPEG,1
1\n01518878_41575.JPEG,1
1\n01518878_41727.JPEG,1
1\n01518878_4229.JPEG,1
1\n01518878_42311.JPEG,1
1\n01518878_42327.JPEG,1
1\n01518878_4235.JPEG,1
1\n01518878_4273.JPEG,1
1\n01518878_4391.JPEG,1
1\n01518878_4545.JPEG,1
1\n01518878_4685.JPEG,1
1\n01518878_4757.JPEG,1
1\n01518878_4829.JPEG,1
1\n01518878_4839.JPEG,1
1\n01518878_4843.JPEG,1
1\n01518878_4853.JPEG,1
1\n01518878_4856.JPEG,1
1\n01518878_4922.JPEG,1
1\n01518878_5148.JPEG,1
1\n01518878_519.JPEG,1
1\n01518878_5228.JPEG,1
1\n01518878_5437.JPEG,1
1\n01518878_5673.JPEG,1
1\n01518878_5842.JPEG,1
1\n01518878_6012.JPEG,1
1\n01518878_6336.JPEG,1
1\n01518878_6360.JPEG,1
1\n01518878_6437.JPEG,1
1\n01518878_6895.JPEG,1
1\n01518878_6908.JPEG,1
1\n01518878_7153.JPEG,1
1\n01518878_7346.JPEG,1
1\n01518878_7435.JPEG,1
1\n01518878_770.JPEG,1
1\n01518878_807.JPEG,1
1\n01518878_8391.JPEG,1
1\n01518878_8460.JPEG,1
1\n01518878_8498.JPEG,1
1\n01518878_8764.JPEG,1
1\n01518878_8904.JPEG,1
1\n01518878_9576.JPEG,1
1\n01518878_9784.JPEG,1
2\n01632777_1018.JPEG,2
2\n01632777_10365.JPEG,2
2\n01632777_10403.JPEG,2
2\n01632777_10430.JPEG,2
2\n01632777_10500.JPEG,2
2\n01632777_10565.JPEG,2
2\n01632777_10766.JPEG,2
2\n01632777_11383.JPEG,2
2\n01632777_11582.JPEG,2
2\n01632777_11613.JPEG,2
2\n01632777_11663.JPEG,2
2\n01632777_11763.JPEG,2
2\n01632777_12247.JPEG,2
2\n01632777_12580.JPEG,2
2\n01632777_12597.JPEG,2
2\n01632777_1268.JPEG,2
2\n01632777_12871.JPEG,2
2\n01632777_12874.JPEG,2
2\n01632777_13064.JPEG,2
2\n01632777_13237.JPEG,2
2\n01632777_13455.JPEG,2
2\n01632777_13786.JPEG,2
2\n01632777_13913.JPEG,2
2\n01632777_14282.JPEG,2
2\n01632777_14395.JPEG,2
2\n01632777_14406.JPEG,2
2\n01632777_14531.JPEG,2
2\n01632777_14550.JPEG,2
2\n01632777_14558.JPEG,2
2\n01632777_14621.JPEG,2
2\n01632777_14680.JPEG,2
2\n01632777_14774.JPEG,2
2\n01632777_14786.JPEG,2
2\n01632777_14905.JPEG,2
2\n01632777_14952.JPEG,2
2\n01632777_15174.JPEG,2
2\n01632777_15332.JPEG,2
2\n01632777_15356.JPEG,2
2\n01632777_15396.JPEG,2
2\n01632777_15424.JPEG,2
2\n01632777_15453.JPEG,2
2\n01632777_15538.JPEG,2
2\n01632777_15818.JPEG,2
2\n01632777_15825.JPEG,2
2\n01632777_15855.JPEG,2
2\n01632777_16078.JPEG,2
2\n01632777_16677.JPEG,2
2\n01632777_16772.JPEG,2
2\n01632777_16775.JPEG,2
2\n01632777_17138.JPEG,2
2\n01632777_17425.JPEG,2
2\n01632777_17565.JPEG,2
2\n01632777_17811.JPEG,2
2\n01632777_18014.JPEG,2
2\n01632777_1813.JPEG,2
2\n01632777_1816.JPEG,2
2\n01632777_18357.JPEG,2
2\n01632777_18375.JPEG,2
2\n01632777_18380.JPEG,2
2\n01632777_18737.JPEG,2
2\n01632777_1946.JPEG,2
2\n01632777_19765.JPEG,2
2\n01632777_20199.JPEG,2
2\n01632777_20310.JPEG,2
2\n01632777_2069.JPEG,2
2\n01632777_20861.JPEG,2
2\n01632777_21060.JPEG,2
2\n01632777_21274.JPEG,2
2\n01632777_21939.JPEG,2
2\n01632777_22051.JPEG,2
2\n01632777_22054.JPEG,2
2\n01632777_22261.JPEG,2
2\n01632777_22378.JPEG,2
2\n01632777_2255.JPEG,2
2\n01632777_22567.JPEG,2
2\n01632777_22842.JPEG,2
2\n01632777_22896.JPEG,2
2\n01632777_22960.JPEG,2
2\n01632777_22972.JPEG,2
2\n01632777_23122.JPEG,2
2\n01632777_23278.JPEG,2
2\n01632777_23319.JPEG,2
2\n01632777_23498.JPEG,2
2\n01632777_2366.JPEG,2
2\n01632777_23889.JPEG,2
2\n01632777_23921.JPEG,2
2\n01632777_2431.JPEG,2
2\n01632777_24478.JPEG,2
2\n01632777_2451.JPEG,2
2\n01632777_24763.JPEG,2
2\n01632777_25089.JPEG,2
2\n01632777_25219.JPEG,2
2\n01632777_2525.JPEG,2
2\n01632777_25669.JPEG,2
2\n01632777_25827.JPEG,2
2\n01632777_26118.JPEG,2
2\n01632777_2780.JPEG,2
2\n01632777_3500.JPEG,2
2\n01632777_351.JPEG,2
2\n01632777_367.JPEG,2
2\n01632777_4140.JPEG,2
2\n01632777_4484.JPEG,2
2\n01632777_4711.JPEG,2
2\n01632777_5042.JPEG,2
2\n01632777_5134.JPEG,2
2\n01632777_5370.JPEG,2
2\n01632777_5496.JPEG,2
2\n01632777_5542.JPEG,2
2\n01632777_5762.JPEG,2
2\n01632777_587.JPEG,2
2\n01632777_5926.JPEG,2
2\n01632777_6104.JPEG,2
2\n01632777_6459.JPEG,2
2\n01632777_6462.JPEG,2
2\n01632777_6543.JPEG,2
2\n01632777_7025.JPEG,2
2\n01632777_7596.JPEG,2
2\n01632777_7794.JPEG,2
2\n01632777_7845.JPEG,2
2\n01632777_8084.JPEG,2
2\n01632777_8093.JPEG,2
2\n01632777_8325.JPEG,2
2\n01632777_8415.JPEG,2
2\n01632777_8416.JPEG,2
2\n01632777_8556.JPEG,2
2\n01632777_8963.JPEG,2
2\n01632777_903.JPEG,2
2\n01632777_9089.JPEG,2
2\n01632777_9130.JPEG,2
2\n01632777_9714.JPEG,2
3\n01644900_1009.JPEG,3
3\n01644900_10133.JPEG,3
3\n01644900_10159.JPEG,3
3\n01644900_1024.JPEG,3
3\n01644900_10661.JPEG,3
3\n01644900_10749.JPEG,3
3\n01644900_11302.JPEG,3
3\n01644900_11368.JPEG,3
3\n01644900_11467.JPEG,3
3\n01644900_11585.JPEG,3
3\n01644900_11965.JPEG,3
3\n01644900_11984.JPEG,3
3\n01644900_11992.JPEG,3
3\n01644900_12020.JPEG,3
3\n01644900_12034.JPEG,3
3\n01644900_12116.JPEG,3
3\n01644900_12202.JPEG,3
3\n01644900_12308.JPEG,3
3\n01644900_12461.JPEG,3
3\n01644900_12574.JPEG,3
3\n01644900_12702.JPEG,3
3\n01644900_13164.JPEG,3
3\n01644900_13170.JPEG,3
3\n01644900_13269.JPEG,3
3\n01644900_13295.JPEG,3
3\n01644900_14181.JPEG,3
3\n01644900_1430.JPEG,3
3\n01644900_14653.JPEG,3
3\n01644900_14959.JPEG,3
3\n01644900_15584.JPEG,3
3\n01644900_15886.JPEG,3
3\n01644900_16671.JPEG,3
3\n01644900_16893.JPEG,3
3\n01644900_17022.JPEG,3
3\n01644900_1717.JPEG,3
3\n01644900_17397.JPEG,3
3\n01644900_17539.JPEG,3
3\n01644900_17875.JPEG,3
3\n01644900_18027.JPEG,3
3\n01644900_1803.JPEG,3
3\n01644900_18438.JPEG,3
3\n01644900_18516.JPEG,3
3\n01644900_18737.JPEG,3
3\n01644900_18890.JPEG,3
3\n01644900_19289.JPEG,3
3\n01644900_1941.JPEG,3
3\n01644900_19534.JPEG,3
3\n01644900_1960.JPEG,3
3\n01644900_1966.JPEG,3
3\n01644900_20161.JPEG,3
3\n01644900_20357.JPEG,3
3\n01644900_20379.JPEG,3
3\n01644900_20412.JPEG,3
3\n01644900_20526.JPEG,3
3\n01644900_21001.JPEG,3
3\n01644900_21163.JPEG,3
3\n01644900_21223.JPEG,3
3\n01644900_21290.JPEG,3
3\n01644900_21306.JPEG,3
3\n01644900_21351.JPEG,3
3\n01644900_21854.JPEG,3
3\n01644900_21994.JPEG,3
3\n01644900_22036.JPEG,3
3\n01644900_22199.JPEG,3
3\n01644900_22285.JPEG,3
3\n01644900_22326.JPEG,3
3\n01644900_22503.JPEG,3
3\n01644900_22554.JPEG,3
3\n01644900_247.JPEG,3
3\n01644900_258.JPEG,3
3\n01644900_2631.JPEG,3
3\n01644900_267.JPEG,3
3\n01644900_27.JPEG,3
3\n01644900_2776.JPEG,3
3\n01644900_2899.JPEG,3
3\n01644900_3113.JPEG,3
3\n01644900_3134.JPEG,3
3\n01644900_3190.JPEG,3
3\n01644900_3247.JPEG,3
3\n01644900_3259.JPEG,3
3\n01644900_3284.JPEG,3
3\n01644900_354.JPEG,3
3\n01644900_3667.JPEG,3
3\n01644900_3715.JPEG,3
3\n01644900_3834.JPEG,3
3\n01644900_3850.JPEG,3
3\n01644900_4055.JPEG,3
3\n01644900_4386.JPEG,3
3\n01644900_4426.JPEG,3
3\n01644900_4435.JPEG,3
3\n01644900_4786.JPEG,3
3\n01644900_488.JPEG,3
3\n01644900_4884.JPEG,3
3\n01644900_4909.JPEG,3
3\n01644900_4929.JPEG,3
3\n01644900_4974.JPEG,3
3\n01644900_5074.JPEG,3
3\n01644900_5105.JPEG,3
3\n01644900_5194.JPEG,3
3\n01644900_531.JPEG,3
3\n01644900_553.JPEG,3
3\n01644900_5572.JPEG,3
3\n01644900_5650.JPEG,3
3\n01644900_5662.JPEG,3
3\n01644900_5712.JPEG,3
3\n01644900_5986.JPEG,3
3\n01644900_61.JPEG,3
3\n01644900_6417.JPEG,3
3\n01644900_665.JPEG,3
3\n01644900_6702.JPEG,3
3\n01644900_7064.JPEG,3
3\n01644900_7348.JPEG,3
3\n01644900_7385.JPEG,3
3\n01644900_7400.JPEG,3
3\n01644900_7850.JPEG,3
3\n01644900_7868.JPEG,3
3\n01644900_80.JPEG,3
3\n01644900_8309.JPEG,3
3\n01644900_8467.JPEG,3
3\n01644900_858.JPEG,3
3\n01644900_8631.JPEG,3
3\n01644900_8671.JPEG,3
3\n01644900_8731.JPEG,3
3\n01644900_9162.JPEG,3
3\n01644900_9169.JPEG,3
3\n01644900_9360.JPEG,3
3\n01644900_9576.JPEG,3
3\n01644900_9602.JPEG,3
3\n01644900_9674.JPEG,3
3\n01644900_9688.JPEG,3
4\n01669191_10006.JPEG,4
4\n01669191_10142.JPEG,4
4\n01669191_1021.JPEG,4
4\n01669191_10331.JPEG,4
4\n01669191_1047.JPEG,4
4\n01669191_10703.JPEG,4
4\n01669191_10835.JPEG,4
4\n01669191_11116.JPEG,4
4\n01669191_11372.JPEG,4
4\n01669191_11510.JPEG,4
4\n01669191_11526.JPEG,4
4\n01669191_1165.JPEG,4
4\n01669191_11939.JPEG,4
4\n01669191_1222.JPEG,4
4\n01669191_12282.JPEG,4
4\n01669191_123.JPEG,4
4\n01669191_12399.JPEG,4
4\n01669191_12688.JPEG,4
4\n01669191_12733.JPEG,4
4\n01669191_12735.JPEG,4
4\n01669191_1290.JPEG,4
4\n01669191_12926.JPEG,4
4\n01669191_1401.JPEG,4
4\n01669191_1428.JPEG,4
4\n01669191_1434.JPEG,4
4\n01669191_14566.JPEG,4
4\n01669191_1461.JPEG,4
4\n01669191_1509.JPEG,4
4\n01669191_15631.JPEG,4
4\n01669191_1590.JPEG,4
4\n01669191_17125.JPEG,4
4\n01669191_17247.JPEG,4
4\n01669191_17301.JPEG,4
4\n01669191_17488.JPEG,4
4\n01669191_17545.JPEG,4
4\n01669191_17551.JPEG,4
4\n01669191_17654.JPEG,4
4\n01669191_1769.JPEG,4
4\n01669191_17810.JPEG,4
4\n01669191_17990.JPEG,4
4\n01669191_18139.JPEG,4
4\n01669191_18156.JPEG,4
4\n01669191_18228.JPEG,4
4\n01669191_18295.JPEG,4
4\n01669191_18308.JPEG,4
4\n01669191_2258.JPEG,4
4\n01669191_2443.JPEG,4
4\n01669191_2446.JPEG,4
4\n01669191_2512.JPEG,4
4\n01669191_2597.JPEG,4
4\n01669191_2667.JPEG,4
4\n01669191_2674.JPEG,4
4\n01669191_2883.JPEG,4
4\n01669191_293.JPEG,4
4\n01669191_3054.JPEG,4
4\n01669191_3073.JPEG,4
4\n01669191_33.JPEG,4
4\n01669191_35.JPEG,4
4\n01669191_3515.JPEG,4
4\n01669191_3672.JPEG,4
4\n01669191_3731.JPEG,4
4\n01669191_3735.JPEG,4
4\n01669191_3820.JPEG,4
4\n01669191_3894.JPEG,4
4\n01669191_3910.JPEG,4
4\n01669191_4252.JPEG,4
4\n01669191_432.JPEG,4
4\n01669191_4342.JPEG,4
4\n01669191_4429.JPEG,4
4\n01669191_445.JPEG,4
4\n01669191_4467.JPEG,4
4\n01669191_4503.JPEG,4
4\n01669191_4563.JPEG,4
4\n01669191_4564.JPEG,4
4\n01669191_4579.JPEG,4
4\n01669191_4749.JPEG,4
4\n01669191_4834.JPEG,4
4\n01669191_4917.JPEG,4
4\n01669191_5048.JPEG,4
4\n01669191_5088.JPEG,4
4\n01669191_5258.JPEG,4
4\n01669191_5308.JPEG,4
4\n01669191_5311.JPEG,4
4\n01669191_5619.JPEG,4
4\n01669191_5627.JPEG,4
4\n01669191_6310.JPEG,4
4\n01669191_6417.JPEG,4
4\n01669191_6800.JPEG,4
4\n01669191_701.JPEG,4
4\n01669191_71.JPEG,4
4\n01669191_7321.JPEG,4
4\n01669191_7519.JPEG,4
4\n01669191_7522.JPEG,4
4\n01669191_7592.JPEG,4
4\n01669191_7641.JPEG,4
4\n01669191_769.JPEG,4
4\n01669191_7720.JPEG,4
4\n01669191_7766.JPEG,4
4\n01669191_7768.JPEG,4
4\n01669191_7854.JPEG,4
4\n01669191_7903.JPEG,4
4\n01669191_7969.JPEG,4
4\n01669191_8107.JPEG,4
4\n01669191_8168.JPEG,4
4\n01669191_8237.JPEG,4
4\n01669191_8247.JPEG,4
4\n01669191_825.JPEG,4
4\n01669191_8273.JPEG,4
4\n01669191_8299.JPEG,4
4\n01669191_8310.JPEG,4
4\n01669191_8365.JPEG,4
4\n01669191_8399.JPEG,4
4\n01669191_862.JPEG,4
4\n01669191_8826.JPEG,4
4\n01669191_8856.JPEG,4
4\n01669191_8872.JPEG,4
4\n01669191_9100.JPEG,4
4\n01669191_9151.JPEG,4
4\n01669191_9295.JPEG,4
4\n01669191_9299.JPEG,4
4\n01669191_9304.JPEG,4
4\n01669191_9476.JPEG,4
4\n01669191_9501.JPEG,4
4\n01669191_9529.JPEG,4
4\n01669191_958.JPEG,4
4\n01669191_9635.JPEG,4
4\n01669191_9776.JPEG,4
4\n01669191_978.JPEG,4
4\n01669191_9896.JPEG,4
4\n01669191_9978.JPEG,4
5\n01806143_10013.JPEG,5
5\n01806143_10171.JPEG,5
5\n01806143_10256.JPEG,5
5\n01806143_10446.JPEG,5
5\n01806143_10470.JPEG,5
5\n01806143_10485.JPEG,5
5\n01806143_10514.JPEG,5
5\n01806143_10515.JPEG,5
5\n01806143_10610.JPEG,5
5\n01806143_11142.JPEG,5
5\n01806143_11288.JPEG,5
5\n01806143_11348.JPEG,5
5\n01806143_11418.JPEG,5
5\n01806143_11809.JPEG,5
5\n01806143_11991.JPEG,5
5\n01806143_12251.JPEG,5
5\n01806143_1238.JPEG,5
5\n01806143_1247.JPEG,5
5\n01806143_1250.JPEG,5
5\n01806143_12584.JPEG,5
5\n01806143_12707.JPEG,5
5\n01806143_12969.JPEG,5
5\n01806143_13112.JPEG,5
5\n01806143_13321.JPEG,5
5\n01806143_13328.JPEG,5
5\n01806143_1349.JPEG,5
5\n01806143_13568.JPEG,5
5\n01806143_13699.JPEG,5
5\n01806143_13742.JPEG,5
5\n01806143_1377.JPEG,5
5\n01806143_1382.JPEG,5
5\n01806143_13820.JPEG,5
5\n01806143_13953.JPEG,5
5\n01806143_14111.JPEG,5
5\n01806143_14118.JPEG,5
5\n01806143_14121.JPEG,5
5\n01806143_14131.JPEG,5
5\n01806143_14172.JPEG,5
5\n01806143_1423.JPEG,5
5\n01806143_14328.JPEG,5
5\n01806143_1737.JPEG,5
5\n01806143_193.JPEG,5
5\n01806143_207.JPEG,5
5\n01806143_2106.JPEG,5
5\n01806143_2216.JPEG,5
5\n01806143_2282.JPEG,5
5\n01806143_2392.JPEG,5
5\n01806143_2531.JPEG,5
5\n01806143_25831.JPEG,5
5\n01806143_2655.JPEG,5
5\n01806143_2772.JPEG,5
5\n01806143_2845.JPEG,5
5\n01806143_2982.JPEG,5
5\n01806143_308.JPEG,5
5\n01806143_322.JPEG,5
5\n01806143_3264.JPEG,5
5\n01806143_3421.JPEG,5
5\n01806143_3496.JPEG,5
5\n01806143_3628.JPEG,5
5\n01806143_368.JPEG,5
5\n01806143_3680.JPEG,5
5\n01806143_3825.JPEG,5
5\n01806143_3881.JPEG,5
5\n01806143_3941.JPEG,5
5\n01806143_4003.JPEG,5
5\n01806143_4004.JPEG,5
5\n01806143_4039.JPEG,5
5\n01806143_4165.JPEG,5
5\n01806143_43.JPEG,5
5\n01806143_4395.JPEG,5
5\n01806143_4402.JPEG,5
5\n01806143_4509.JPEG,5
5\n01806143_468.JPEG,5
5\n01806143_4797.JPEG,5
5\n01806143_4865.JPEG,5
5\n01806143_4878.JPEG,5
5\n01806143_49587.JPEG,5
5\n01806143_5077.JPEG,5
5\n01806143_5084.JPEG,5
5\n01806143_5095.JPEG,5
5\n01806143_5226.JPEG,5
5\n01806143_5283.JPEG,5
5\n01806143_5451.JPEG,5
5\n01806143_5483.JPEG,5
5\n01806143_5515.JPEG,5
5\n01806143_5753.JPEG,5
5\n01806143_58262.JPEG,5
5\n01806143_5880.JPEG,5
5\n01806143_60096.JPEG,5
5\n01806143_6044.JPEG,5
5\n01806143_60792.JPEG,5
5\n01806143_611.JPEG,5
5\n01806143_6469.JPEG,5
5\n01806143_6649.JPEG,5
5\n01806143_6666.JPEG,5
5\n01806143_6668.JPEG,5
5\n01806143_6747.JPEG,5
5\n01806143_6780.JPEG,5
5\n01806143_6832.JPEG,5
5\n01806143_689.JPEG,5
5\n01806143_6984.JPEG,5
5\n01806143_7034.JPEG,5
5\n01806143_7120.JPEG,5
5\n01806143_7232.JPEG,5
5\n01806143_7340.JPEG,5
5\n01806143_7363.JPEG,5
5\n01806143_7511.JPEG,5
5\n01806143_770.JPEG,5
5\n01806143_7737.JPEG,5
5\n01806143_79.JPEG,5
5\n01806143_8071.JPEG,5
5\n01806143_8126.JPEG,5
5\n01806143_8171.JPEG,5
5\n01806143_8227.JPEG,5
5\n01806143_8300.JPEG,5
5\n01806143_8474.JPEG,5
5\n01806143_8656.JPEG,5
5\n01806143_8902.JPEG,5
5\n01806143_8941.JPEG,5
5\n01806143_9028.JPEG,5
5\n01806143_9044.JPEG,5
5\n01806143_9045.JPEG,5
5\n01806143_9076.JPEG,5
5\n01806143_9284.JPEG,5
5\n01806143_9289.JPEG,5
5\n01806143_9321.JPEG,5
5\n01806143_9371.JPEG,5
5\n01806143_9714.JPEG,5
5\n01806143_9903.JPEG,5
5\n01806143_9924.JPEG,5
6\n01944390_10126.JPEG,6
6\n01944390_10189.JPEG,6
6\n01944390_10342.JPEG,6
6\n01944390_10371.JPEG,6
6\n01944390_10673.JPEG,6
6\n01944390_10704.JPEG,6
6\n01944390_10792.JPEG,6
6\n01944390_10814.JPEG,6
6\n01944390_10825.JPEG,6
6\n01944390_1083.JPEG,6
6\n01944390_11379.JPEG,6
6\n01944390_11536.JPEG,6
6\n01944390_11620.JPEG,6
6\n01944390_11748.JPEG,6
6\n01944390_11831.JPEG,6
6\n01944390_11943.JPEG,6
6\n01944390_12031.JPEG,6
6\n01944390_12036.JPEG,6
6\n01944390_12041.JPEG,6
6\n01944390_1206.JPEG,6
6\n01944390_12218.JPEG,6
6\n01944390_1228.JPEG,6
6\n01944390_12835.JPEG,6
6\n01944390_12920.JPEG,6
6\n01944390_1300.JPEG,6
6\n01944390_13144.JPEG,6
6\n01944390_13171.JPEG,6
6\n01944390_13370.JPEG,6
6\n01944390_13415.JPEG,6
6\n01944390_1345.JPEG,6
6\n01944390_13544.JPEG,6
6\n01944390_1358.JPEG,6
6\n01944390_1359.JPEG,6
6\n01944390_14049.JPEG,6
6\n01944390_14153.JPEG,6
6\n01944390_14563.JPEG,6
6\n01944390_14727.JPEG,6
6\n01944390_14909.JPEG,6
6\n01944390_15055.JPEG,6
6\n01944390_1513.JPEG,6
6\n01944390_17.JPEG,6
6\n01944390_1704.JPEG,6
6\n01944390_1719.JPEG,6
6\n01944390_1725.JPEG,6
6\n01944390_1736.JPEG,6
6\n01944390_1741.JPEG,6
6\n01944390_17890.JPEG,6
6\n01944390_1815.JPEG,6
6\n01944390_18299.JPEG,6
6\n01944390_185.JPEG,6
6\n01944390_18868.JPEG,6
6\n01944390_1916.JPEG,6
6\n01944390_1950.JPEG,6
6\n01944390_19742.JPEG,6
6\n01944390_20055.JPEG,6
6\n01944390_20107.JPEG,6
6\n01944390_20373.JPEG,6
6\n01944390_20535.JPEG,6
6\n01944390_2063.JPEG,6
6\n01944390_2067.JPEG,6
6\n01944390_2118.JPEG,6
6\n01944390_2160.JPEG,6
6\n01944390_21917.JPEG,6
6\n01944390_22017.JPEG,6
6\n01944390_23167.JPEG,6
6\n01944390_23671.JPEG,6
6\n01944390_2660.JPEG,6
6\n01944390_2797.JPEG,6
6\n01944390_2943.JPEG,6
6\n01944390_30661.JPEG,6
6\n01944390_3172.JPEG,6
6\n01944390_31764.JPEG,6
6\n01944390_32319.JPEG,6
6\n01944390_3292.JPEG,6
6\n01944390_3349.JPEG,6
6\n01944390_34216.JPEG,6
6\n01944390_3437.JPEG,6
6\n01944390_34764.JPEG,6
6\n01944390_3509.JPEG,6
6\n01944390_35471.JPEG,6
6\n01944390_3622.JPEG,6
6\n01944390_37029.JPEG,6
6\n01944390_3825.JPEG,6
6\n01944390_3922.JPEG,6
6\n01944390_40270.JPEG,6
6\n01944390_430.JPEG,6
6\n01944390_4321.JPEG,6
6\n01944390_4464.JPEG,6
6\n01944390_4489.JPEG,6
6\n01944390_4509.JPEG,6
6\n01944390_4521.JPEG,6
6\n01944390_4552.JPEG,6
6\n01944390_4565.JPEG,6
6\n01944390_4610.JPEG,6
6\n01944390_4633.JPEG,6
6\n01944390_4725.JPEG,6
6\n01944390_4733.JPEG,6
6\n01944390_4799.JPEG,6
6\n01944390_4966.JPEG,6
6\n01944390_524.JPEG,6
6\n01944390_5294.JPEG,6
6\n01944390_5322.JPEG,6
6\n01944390_5506.JPEG,6
6\n01944390_5569.JPEG,6
6\n01944390_5634.JPEG,6
6\n01944390_5744.JPEG,6
6\n01944390_5820.JPEG,6
6\n01944390_5886.JPEG,6
6\n01944390_6073.JPEG,6
6\n01944390_6264.JPEG,6
6\n01944390_6340.JPEG,6
6\n01944390_6728.JPEG,6
6\n01944390_6794.JPEG,6
6\n01944390_6870.JPEG,6
6\n01944390_6878.JPEG,6
6\n01944390_6970.JPEG,6
6\n01944390_7038.JPEG,6
6\n01944390_7170.JPEG,6
6\n01944390_7195.JPEG,6
6\n01944390_7975.JPEG,6
6\n01944390_8044.JPEG,6
6\n01944390_8054.JPEG,6
6\n01944390_811.JPEG,6
6\n01944390_8159.JPEG,6
6\n01944390_824.JPEG,6
6\n01944390_8488.JPEG,6
6\n01944390_8568.JPEG,6
6\n01944390_891.JPEG,6
6\n01944390_90.JPEG,6
6\n01944390_9640.JPEG,6
7\n02077923_1.JPEG,7
7\n02077923_1003.JPEG,7
7\n02077923_10114.JPEG,7
7\n02077923_102.JPEG,7
7\n02077923_1020.JPEG,7
7\n02077923_10587.JPEG,7
7\n02077923_10692.JPEG,7
7\n02077923_10793.JPEG,7
7\n02077923_1108.JPEG,7
7\n02077923_11091.JPEG,7
7\n02077923_11146.JPEG,7
7\n02077923_1125.JPEG,7
7\n02077923_11384.JPEG,7
7\n02077923_1145.JPEG,7
7\n02077923_115.JPEG,7
7\n02077923_11566.JPEG,7
7\n02077923_11567.JPEG,7
7\n02077923_1157.JPEG,7
7\n02077923_1158.JPEG,7
7\n02077923_11678.JPEG,7
7\n02077923_11711.JPEG,7
7\n02077923_11731.JPEG,7
7\n02077923_1207.JPEG,7
7\n02077923_12303.JPEG,7
7\n02077923_12392.JPEG,7
7\n02077923_1241.JPEG,7
7\n02077923_12451.JPEG,7
7\n02077923_12634.JPEG,7
7\n02077923_1293.JPEG,7
7\n02077923_12945.JPEG,7
7\n02077923_1310.JPEG,7
7\n02077923_13105.JPEG,7
7\n02077923_1331.JPEG,7
7\n02077923_13504.JPEG,7
7\n02077923_1358.JPEG,7
7\n02077923_141.JPEG,7
7\n02077923_14105.JPEG,7
7\n02077923_14116.JPEG,7
7\n02077923_14637.JPEG,7
7\n02077923_14740.JPEG,7
7\n02077923_14783.JPEG,7
7\n02077923_150.JPEG,7
7\n02077923_15051.JPEG,7
7\n02077923_15437.JPEG,7
7\n02077923_15573.JPEG,7
7\n02077923_15663.JPEG,7
7\n02077923_1772.JPEG,7
7\n02077923_1816.JPEG,7
7\n02077923_2126.JPEG,7
7\n02077923_2365.JPEG,7
7\n02077923_2458.JPEG,7
7\n02077923_2491.JPEG,7
7\n02077923_286.JPEG,7
7\n02077923_3068.JPEG,7
7\n02077923_3107.JPEG,7
7\n02077923_3140.JPEG,7
7\n02077923_3156.JPEG,7
7\n02077923_33.JPEG,7
7\n02077923_3444.JPEG,7
7\n02077923_3777.JPEG,7
7\n02077923_38.JPEG,7
7\n02077923_3802.JPEG,7
7\n02077923_3812.JPEG,7
7\n02077923_3840.JPEG,7
7\n02077923_397.JPEG,7
7\n02077923_412.JPEG,7
7\n02077923_4156.JPEG,7
7\n02077923_4236.JPEG,7
7\n02077923_4316.JPEG,7
7\n02077923_4355.JPEG,7
7\n02077923_4492.JPEG,7
7\n02077923_45.JPEG,7
7\n02077923_4543.JPEG,7
7\n02077923_4673.JPEG,7
7\n02077923_4703.JPEG,7
7\n02077923_4746.JPEG,7
7\n02077923_4853.JPEG,7
7\n02077923_4888.JPEG,7
7\n02077923_4914.JPEG,7
7\n02077923_4928.JPEG,7
7\n02077923_4931.JPEG,7
7\n02077923_5180.JPEG,7
7\n02077923_5181.JPEG,7
7\n02077923_5221.JPEG,7
7\n02077923_533.JPEG,7
7\n02077923_534.JPEG,7
7\n02077923_567.JPEG,7
7\n02077923_5729.JPEG,7
7\n02077923_5805.JPEG,7
7\n02077923_5912.JPEG,7
7\n02077923_5939.JPEG,7
7\n02077923_6.JPEG,7
7\n02077923_604.JPEG,7
7\n02077923_6061.JPEG,7
7\n02077923_6161.JPEG,7
7\n02077923_617.JPEG,7
7\n02077923_6437.JPEG,7
7\n02077923_6464.JPEG,7
7\n02077923_6544.JPEG,7
7\n02077923_658.JPEG,7
7\n02077923_6708.JPEG,7
7\n02077923_6758.JPEG,7
7\n02077923_6872.JPEG,7
7\n02077923_697.JPEG,7
7\n02077923_700.JPEG,7
7\n02077923_716.JPEG,7
7\n02077923_7208.JPEG,7
7\n02077923_738.JPEG,7
7\n02077923_7415.JPEG,7
7\n02077923_773.JPEG,7
7\n02077923_7995.JPEG,7
7\n02077923_7999.JPEG,7
7\n02077923_8252.JPEG,7
7\n02077923_8478.JPEG,7
7\n02077923_8525.JPEG,7
7\n02077923_8536.JPEG,7
7\n02077923_8537.JPEG,7
7\n02077923_856.JPEG,7
7\n02077923_866.JPEG,7
7\n02077923_875.JPEG,7
7\n02077923_9192.JPEG,7
7\n02077923_9264.JPEG,7
7\n02077923_935.JPEG,7
7\n02077923_9378.JPEG,7
7\n02077923_938.JPEG,7
7\n02077923_9419.JPEG,7
7\n02077923_9457.JPEG,7
7\n02077923_9629.JPEG,7
7\n02077923_9739.JPEG,7
7\n02077923_99.JPEG,7
8\n02096294_10071.JPEG,8
8\n02096294_1018.JPEG,8
8\n02096294_1020.JPEG,8
8\n02096294_10209.JPEG,8
8\n02096294_10461.JPEG,8
8\n02096294_10870.JPEG,8
8\n02096294_10879.JPEG,8
8\n02096294_1102.JPEG,8
8\n02096294_11025.JPEG,8
8\n02096294_11544.JPEG,8
8\n02096294_11586.JPEG,8
8\n02096294_1176.JPEG,8
8\n02096294_11864.JPEG,8
8\n02096294_1219.JPEG,8
8\n02096294_1255.JPEG,8
8\n02096294_12642.JPEG,8
8\n02096294_12761.JPEG,8
8\n02096294_1380.JPEG,8
8\n02096294_1381.JPEG,8
8\n02096294_1429.JPEG,8
8\n02096294_1473.JPEG,8
8\n02096294_1505.JPEG,8
8\n02096294_1509.JPEG,8
8\n02096294_1557.JPEG,8
8\n02096294_1587.JPEG,8
8\n02096294_1741.JPEG,8
8\n02096294_1750.JPEG,8
8\n02096294_1789.JPEG,8
8\n02096294_1805.JPEG,8
8\n02096294_189.JPEG,8
8\n02096294_1934.JPEG,8
8\n02096294_1992.JPEG,8
8\n02096294_2200.JPEG,8
8\n02096294_2432.JPEG,8
8\n02096294_2504.JPEG,8
8\n02096294_2555.JPEG,8
8\n02096294_261.JPEG,8
8\n02096294_2750.JPEG,8
8\n02096294_2768.JPEG,8
8\n02096294_2773.JPEG,8
8\n02096294_2851.JPEG,8
8\n02096294_288.JPEG,8
8\n02096294_2919.JPEG,8
8\n02096294_2920.JPEG,8
8\n02096294_2942.JPEG,8
8\n02096294_3011.JPEG,8
8\n02096294_3017.JPEG,8
8\n02096294_3022.JPEG,8
8\n02096294_3059.JPEG,8
8\n02096294_3065.JPEG,8
8\n02096294_3164.JPEG,8
8\n02096294_3309.JPEG,8
8\n02096294_3383.JPEG,8
8\n02096294_3413.JPEG,8
8\n02096294_3494.JPEG,8
8\n02096294_3642.JPEG,8
8\n02096294_373.JPEG,8
8\n02096294_3778.JPEG,8
8\n02096294_3980.JPEG,8
8\n02096294_4092.JPEG,8
8\n02096294_411.JPEG,8
8\n02096294_4174.JPEG,8
8\n02096294_4188.JPEG,8
8\n02096294_4233.JPEG,8
8\n02096294_4335.JPEG,8
8\n02096294_436.JPEG,8
8\n02096294_441.JPEG,8
8\n02096294_4477.JPEG,8
8\n02096294_4632.JPEG,8
8\n02096294_4914.JPEG,8
8\n02096294_5066.JPEG,8
8\n02096294_5250.JPEG,8
8\n02096294_5251.JPEG,8
8\n02096294_5353.JPEG,8
8\n02096294_5590.JPEG,8
8\n02096294_5609.JPEG,8
8\n02096294_5666.JPEG,8
8\n02096294_5670.JPEG,8
8\n02096294_5708.JPEG,8
8\n02096294_5734.JPEG,8
8\n02096294_5743.JPEG,8
8\n02096294_5745.JPEG,8
8\n02096294_5766.JPEG,8
8\n02096294_5812.JPEG,8
8\n02096294_5861.JPEG,8
8\n02096294_6033.JPEG,8
8\n02096294_6035.JPEG,8
8\n02096294_6129.JPEG,8
8\n02096294_6144.JPEG,8
8\n02096294_6315.JPEG,8
8\n02096294_6332.JPEG,8
8\n02096294_6350.JPEG,8
8\n02096294_6418.JPEG,8
8\n02096294_6438.JPEG,8
8\n02096294_6571.JPEG,8
8\n02096294_6678.JPEG,8
8\n02096294_6692.JPEG,8
8\n02096294_67.JPEG,8
8\n02096294_671.JPEG,8
8\n02096294_6721.JPEG,8
8\n02096294_6785.JPEG,8
8\n02096294_6812.JPEG,8
8\n02096294_6823.JPEG,8
8\n02096294_6853.JPEG,8
8\n02096294_6875.JPEG,8
8\n02096294_6936.JPEG,8
8\n02096294_7051.JPEG,8
8\n02096294_7160.JPEG,8
8\n02096294_7336.JPEG,8
8\n02096294_7376.JPEG,8
8\n02096294_7523.JPEG,8
8\n02096294_7533.JPEG,8
8\n02096294_7556.JPEG,8
8\n02096294_7605.JPEG,8
8\n02096294_7703.JPEG,8
8\n02096294_7732.JPEG,8
8\n02096294_7920.JPEG,8
8\n02096294_8135.JPEG,8
8\n02096294_819.JPEG,8
8\n02096294_8195.JPEG,8
8\n02096294_8463.JPEG,8
8\n02096294_8531.JPEG,8
8\n02096294_8754.JPEG,8
8\n02096294_892.JPEG,8
8\n02096294_9044.JPEG,8
8\n02096294_917.JPEG,8
8\n02096294_9186.JPEG,8
8\n02096294_9389.JPEG,8
8\n02096294_9614.JPEG,8
8\n02096294_9949.JPEG,8
